<?xml version="1.0" encoding="UTF-8"?>
<project-private xmlns="http://www.netbeans.org/ns/project-private/1">
    <editor-bookmarks xmlns="http://www.netbeans.org/ns/editor-bookmarks/2" lastBookmarkId="0"/>
    <open-files xmlns="http://www.netbeans.org/ns/projectui-open-files/2">
        <group>
            <file>file:/C:/Users/inazu/Desktop/Obligatorio2ANT/src/Manejador.java</file>
            <file>file:/C:/Users/inazu/Desktop/Obligatorio2ANT/src/Proceso.java</file>
            <file>file:/C:/Users/inazu/Desktop/Obligatorio2ANT/src/ManejadorArchivosGenerico.java</file>
            <file>file:/C:/Users/inazu/Desktop/Obligatorio2ANT/src/SistemaOperativo.java</file>
            <file>file:/C:/Users/inazu/Desktop/Obligatorio2ANT/src/Obligatorio2.java</file>
            <file>file:/C:/Users/inazu/Desktop/Obligatorio2ANT/src/Inicio.java</file>
            <file>file:/C:/Users/inazu/Desktop/Obligatorio2ANT/src/Procesador.java</file>
            <file>file:/C:/Users/inazu/Desktop/Obligatorio2ANT/src/ContenedorProcesosHashMap.java</file>
        </group>
    </open-files>
</project-private>
